alpha,策略名称,年度,收益率,日均收益率,年化收益率,最大回撤(%),夏普比率
alpha001,2016,TestStrategy,-0.003114946412170328,-3.1948168329952086e-06,-0.000804769840823909,-20.322586847874305,0.05232700136372256
