alpha,年度,策略名称,收益率,日均收益率,年化收益率,最大回撤(%),夏普比率
alpha_CH3,2013,TestStrategy,1.086233486463908,0.00045240878236730864,0.1207599849218336,-46.48927218761684,
