alpha,年度,策略名称,收益率,日均收益率,年化收益率,最大回撤(%),夏普比率
alpha_CH3,2012,TestStrategy,1.4981558992640733,0.0005670537090325788,0.15361159042469635,-45.11424120441751,
